tof_file,aneurysm_file,aneurysm,file,location
/content/drive/MyDrive/ADAM-Filtered-Data/10001_TOF.nii.gz,/content/drive/MyDrive/ADAM-Filtered-Data/10001_aneurysms.nii.gz,0,10001,[]
/content/drive/MyDrive/ADAM-Filtered-Data/10002_TOF.nii.gz,/content/drive/MyDrive/ADAM-Filtered-Data/10002_aneurysms.nii.gz,0,10002,[]
/content/drive/MyDrive/ADAM-Filtered-Data/10003_TOF.nii.gz,/content/drive/MyDrive/ADAM-Filtered-Data/10003_aneurysms.nii.gz,0,10003,[]
/content/drive/MyDrive/ADAM-Filtered-Data/10004_TOF.nii.gz,/content/drive/MyDrive/ADAM-Filtered-Data/10004_aneurysms.nii.gz,0,10004,[]
/content/drive/MyDrive/ADAM-Filtered-Data/10005_TOF.nii.gz,/content/drive/MyDrive/ADAM-Filtered-Data/10005_aneurysms.nii.gz,0,10005,[]
/content/drive/MyDrive/ADAM-Filtered-Data/10006_TOF.nii.gz,/content/drive/MyDrive/ADAM-Filtered-Data/10006_aneurysms.nii.gz,0,10006,[]
/content/drive/MyDrive/ADAM-Filtered-Data/10007_TOF.nii.gz,/content/drive/MyDrive/ADAM-Filtered-Data/10007_aneurysms.nii.gz,0,10007,[]
/content/drive/MyDrive/ADAM-Filtered-Data/10008_TOF.nii.gz,/content/drive/MyDrive/ADAM-Filtered-Data/10008_aneurysms.nii.gz,0,10008,[]
/content/drive/MyDrive/ADAM-Filtered-Data/10009_TOF.nii.gz,/content/drive/MyDrive/ADAM-Filtered-Data/10009_aneurysms.nii.gz,0,10009,[]
/content/drive/MyDrive/ADAM-Filtered-Data/10010_TOF.nii.gz,/content/drive/MyDrive/ADAM-Filtered-Data/10010_aneurysms.nii.gz,0,10010,[]
/content/drive/MyDrive/ADAM-Filtered-Data/10011_TOF.nii.gz,/content/drive/MyDrive/ADAM-Filtered-Data/10011_aneurysms.nii.gz,0,10011,[]
/content/drive/MyDrive/ADAM-Filtered-Data/10012_TOF.nii.gz,/content/drive/MyDrive/ADAM-Filtered-Data/10012_aneurysms.nii.gz,0,10012,[]
/content/drive/MyDrive/ADAM-Filtered-Data/10013_TOF.nii.gz,/content/drive/MyDrive/ADAM-Filtered-Data/10013_aneurysms.nii.gz,0,10013,[]
/content/drive/MyDrive/ADAM-Filtered-Data/10014_TOF.nii.gz,/content/drive/MyDrive/ADAM-Filtered-Data/10014_aneurysms.nii.gz,0,10014,[]
/content/drive/MyDrive/ADAM-Filtered-Data/10015_TOF.nii.gz,/content/drive/MyDrive/ADAM-Filtered-Data/10015_aneurysms.nii.gz,0,10015,[]
/content/drive/MyDrive/ADAM-Filtered-Data/10016_TOF.nii.gz,/content/drive/MyDrive/ADAM-Filtered-Data/10016_aneurysms.nii.gz,0,10016,[]
/content/drive/MyDrive/ADAM-Filtered-Data/10017_TOF.nii.gz,/content/drive/MyDrive/ADAM-Filtered-Data/10017_aneurysms.nii.gz,0,10017,[]
/content/drive/MyDrive/ADAM-Filtered-Data/10018_TOF.nii.gz,/content/drive/MyDrive/ADAM-Filtered-Data/10018_aneurysms.nii.gz,0,10018,[]
/content/drive/MyDrive/ADAM-Filtered-Data/10019_TOF.nii.gz,/content/drive/MyDrive/ADAM-Filtered-Data/10019_aneurysms.nii.gz,0,10019,[]
/content/drive/MyDrive/ADAM-Filtered-Data/10020_TOF.nii.gz,/content/drive/MyDrive/ADAM-Filtered-Data/10020_aneurysms.nii.gz,0,10020,[]
/content/drive/MyDrive/ADAM-Filtered-Data/10021_TOF.nii.gz,/content/drive/MyDrive/ADAM-Filtered-Data/10021_aneurysms.nii.gz,1,10021,"['377, 221, 89, 3.0']"
/content/drive/MyDrive/ADAM-Filtered-Data/10022_TOF.nii.gz,/content/drive/MyDrive/ADAM-Filtered-Data/10022_aneurysms.nii.gz,1,10022,"['353, 230, 78, 3.21']"
/content/drive/MyDrive/ADAM-Filtered-Data/10023_TOF.nii.gz,/content/drive/MyDrive/ADAM-Filtered-Data/10023_aneurysms.nii.gz,1,10023,"['238, 263, 48, 1.08']"
/content/drive/MyDrive/ADAM-Filtered-Data/10024_TOF.nii.gz,/content/drive/MyDrive/ADAM-Filtered-Data/10024_aneurysms.nii.gz,1,10024,"['314, 244, 41, 4.16\n', '234, 237, 42, 2.05']"
/content/drive/MyDrive/ADAM-Filtered-Data/10025_TOF.nii.gz,/content/drive/MyDrive/ADAM-Filtered-Data/10025_aneurysms.nii.gz,1,10025,"['281, 225, 90, 2.08']"
/content/drive/MyDrive/ADAM-Filtered-Data/10026_TOF.nii.gz,/content/drive/MyDrive/ADAM-Filtered-Data/10026_aneurysms.nii.gz,1,10026,"['470, 396, 75, 3.99']"
/content/drive/MyDrive/ADAM-Filtered-Data/10027_TOF.nii.gz,/content/drive/MyDrive/ADAM-Filtered-Data/10027_aneurysms.nii.gz,1,10027,"['252, 236, 37, 2.1']"
/content/drive/MyDrive/ADAM-Filtered-Data/10028_TOF.nii.gz,/content/drive/MyDrive/ADAM-Filtered-Data/10028_aneurysms.nii.gz,1,10028,"['370, 228, 81, 1.38']"
/content/drive/MyDrive/ADAM-Filtered-Data/10029_TOF.nii.gz,/content/drive/MyDrive/ADAM-Filtered-Data/10029_aneurysms.nii.gz,1,10029,"['341, 216, 27, 4.12']"
/content/drive/MyDrive/ADAM-Filtered-Data/10030_TOF.nii.gz,/content/drive/MyDrive/ADAM-Filtered-Data/10030_aneurysms.nii.gz,1,10030,"['303, 213, 65, 3.84\n', '208, 224, 64, 0.7']"
/content/drive/MyDrive/ADAM-Filtered-Data/10031_TOF.nii.gz,/content/drive/MyDrive/ADAM-Filtered-Data/10031_aneurysms.nii.gz,1,10031,"['258, 207, 41, 3.56']"
/content/drive/MyDrive/ADAM-Filtered-Data/10032_TOF.nii.gz,/content/drive/MyDrive/ADAM-Filtered-Data/10032_aneurysms.nii.gz,1,10032,"['217, 223, 67, 1.27\n', '241, 257, 77, 0.75']"
/content/drive/MyDrive/ADAM-Filtered-Data/10033_TOF.nii.gz,/content/drive/MyDrive/ADAM-Filtered-Data/10033_aneurysms.nii.gz,1,10033,"['293, 223, 40, 4.14']"
/content/drive/MyDrive/ADAM-Filtered-Data/10034_TOF.nii.gz,/content/drive/MyDrive/ADAM-Filtered-Data/10034_aneurysms.nii.gz,1,10034,"['282, 271, 68, 2.14\n', '261, 235, 58, 1.56']"
/content/drive/MyDrive/ADAM-Filtered-Data/10035_TOF.nii.gz,/content/drive/MyDrive/ADAM-Filtered-Data/10035_aneurysms.nii.gz,1,10035,"['354, 212, 64, 5.52']"
/content/drive/MyDrive/ADAM-Filtered-Data/10036_TOF.nii.gz,/content/drive/MyDrive/ADAM-Filtered-Data/10036_aneurysms.nii.gz,1,10036,"['267, 234, 36, 4.21']"
/content/drive/MyDrive/ADAM-Filtered-Data/10037_TOF.nii.gz,/content/drive/MyDrive/ADAM-Filtered-Data/10037_aneurysms.nii.gz,1,10037,"['143, 46, 72, 3.06']"
/content/drive/MyDrive/ADAM-Filtered-Data/10038_TOF.nii.gz,/content/drive/MyDrive/ADAM-Filtered-Data/10038_aneurysms.nii.gz,1,10038,"['173, 245, 82, 1.01']"
/content/drive/MyDrive/ADAM-Filtered-Data/10039_TOF.nii.gz,/content/drive/MyDrive/ADAM-Filtered-Data/10039_aneurysms.nii.gz,1,10039,"['291, 231, 47, 5.3\n', '341, 189, 56, 1.73']"
/content/drive/MyDrive/ADAM-Filtered-Data/10040_TOF.nii.gz,/content/drive/MyDrive/ADAM-Filtered-Data/10040_aneurysms.nii.gz,1,10040,"['304, 242, 51, 1.24']"
/content/drive/MyDrive/ADAM-Filtered-Data/10041_TOF.nii.gz,/content/drive/MyDrive/ADAM-Filtered-Data/10041_aneurysms.nii.gz,1,10041,"['287, 145, 142, 2.35']"
/content/drive/MyDrive/ADAM-Filtered-Data/10042_TOF.nii.gz,/content/drive/MyDrive/ADAM-Filtered-Data/10042_aneurysms.nii.gz,1,10042,"['392, 215, 77, 6.21']"
/content/drive/MyDrive/ADAM-Filtered-Data/10043_TOF.nii.gz,/content/drive/MyDrive/ADAM-Filtered-Data/10043_aneurysms.nii.gz,1,10043,"['188, 229, 41, 4.1\n', '346, 258, 60, 2.31\n', '198, 247, 41, 1.99\n', '370, 245, 44, 2.08']"
/content/drive/MyDrive/ADAM-Filtered-Data/10044B_TOF.nii.gz,/content/drive/MyDrive/ADAM-Filtered-Data/10044B_aneurysms.nii.gz,1,10044B,"['221, 220, 35, 2.1\n', '253, 267, 40, 2.03']"
/content/drive/MyDrive/ADAM-Filtered-Data/10044F_TOF.nii.gz,/content/drive/MyDrive/ADAM-Filtered-Data/10044F_aneurysms.nii.gz,1,10044F,"['217, 221, 66, 2.82\n', '242, 257, 77, 2.01']"
/content/drive/MyDrive/ADAM-Filtered-Data/10045B_TOF.nii.gz,/content/drive/MyDrive/ADAM-Filtered-Data/10045B_aneurysms.nii.gz,1,10045B,"['283, 201, 34, 4.9']"
/content/drive/MyDrive/ADAM-Filtered-Data/10045F_TOF.nii.gz,/content/drive/MyDrive/ADAM-Filtered-Data/10045F_aneurysms.nii.gz,1,10045F,"['279, 199, 70, 5.58']"
/content/drive/MyDrive/ADAM-Filtered-Data/10046B_TOF.nii.gz,/content/drive/MyDrive/ADAM-Filtered-Data/10046B_aneurysms.nii.gz,1,10046B,"['228, 222, 30, 2.33']"
/content/drive/MyDrive/ADAM-Filtered-Data/10046F_TOF.nii.gz,/content/drive/MyDrive/ADAM-Filtered-Data/10046F_aneurysms.nii.gz,1,10046F,"['250, 244, 58, 2.5']"
/content/drive/MyDrive/ADAM-Filtered-Data/10047B_TOF.nii.gz,/content/drive/MyDrive/ADAM-Filtered-Data/10047B_aneurysms.nii.gz,1,10047B,"['257, 215, 64, 2.27']"
/content/drive/MyDrive/ADAM-Filtered-Data/10047F_TOF.nii.gz,/content/drive/MyDrive/ADAM-Filtered-Data/10047F_aneurysms.nii.gz,1,10047F,"['257, 199, 36, 1.98']"
/content/drive/MyDrive/ADAM-Filtered-Data/10048B_TOF.nii.gz,/content/drive/MyDrive/ADAM-Filtered-Data/10048B_aneurysms.nii.gz,1,10048B,"['335, 233, 43, 6.62']"
/content/drive/MyDrive/ADAM-Filtered-Data/10048F_TOF.nii.gz,/content/drive/MyDrive/ADAM-Filtered-Data/10048F_aneurysms.nii.gz,1,10048F,"['352, 218, 77, 7.12']"
/content/drive/MyDrive/ADAM-Filtered-Data/10049B_TOF.nii.gz,/content/drive/MyDrive/ADAM-Filtered-Data/10049B_aneurysms.nii.gz,1,10049B,"['285, 221, 46, 5.88']"
/content/drive/MyDrive/ADAM-Filtered-Data/10049F_TOF.nii.gz,/content/drive/MyDrive/ADAM-Filtered-Data/10049F_aneurysms.nii.gz,1,10049F,"['314, 223, 60, 4.91']"
/content/drive/MyDrive/ADAM-Filtered-Data/10050B_TOF.nii.gz,/content/drive/MyDrive/ADAM-Filtered-Data/10050B_aneurysms.nii.gz,1,10050B,"['259, 213, 46, 7.02']"
/content/drive/MyDrive/ADAM-Filtered-Data/10050F_TOF.nii.gz,/content/drive/MyDrive/ADAM-Filtered-Data/10050F_aneurysms.nii.gz,1,10050F,"['261, 206, 54, 6.91']"
/content/drive/MyDrive/ADAM-Filtered-Data/10051B_TOF.nii.gz,/content/drive/MyDrive/ADAM-Filtered-Data/10051B_aneurysms.nii.gz,1,10051B,"['331, 197, 45, 4.4\n', '150, 191, 60, 4.48']"
/content/drive/MyDrive/ADAM-Filtered-Data/10051F_TOF.nii.gz,/content/drive/MyDrive/ADAM-Filtered-Data/10051F_aneurysms.nii.gz,1,10051F,"['371, 230, 50, 3.43\n', '172, 207, 62, 3.89']"
/content/drive/MyDrive/ADAM-Filtered-Data/10052B_TOF.nii.gz,/content/drive/MyDrive/ADAM-Filtered-Data/10052B_aneurysms.nii.gz,1,10052B,"['221, 230, 49, 6.89\n', '283, 225, 54, 7.36']"
/content/drive/MyDrive/ADAM-Filtered-Data/10052F_TOF.nii.gz,/content/drive/MyDrive/ADAM-Filtered-Data/10052F_aneurysms.nii.gz,1,10052F,"['283, 217, 67, 5.45\n', '221, 220, 69, 3.6']"
/content/drive/MyDrive/ADAM-Filtered-Data/10053B_TOF.nii.gz,/content/drive/MyDrive/ADAM-Filtered-Data/10053B_aneurysms.nii.gz,1,10053B,"['517, 387, 97, 2.24\n', '389, 450, 96, 2.4']"
/content/drive/MyDrive/ADAM-Filtered-Data/10053F_TOF.nii.gz,/content/drive/MyDrive/ADAM-Filtered-Data/10053F_aneurysms.nii.gz,1,10053F,"['213, 243, 85, 2.63\n', '282, 208, 87, 1.29']"
/content/drive/MyDrive/ADAM-Filtered-Data/10054B_TOF.nii.gz,/content/drive/MyDrive/ADAM-Filtered-Data/10054B_aneurysms.nii.gz,1,10054B,"['252, 212, 60, 6.77']"
/content/drive/MyDrive/ADAM-Filtered-Data/10054F_TOF.nii.gz,/content/drive/MyDrive/ADAM-Filtered-Data/10054F_aneurysms.nii.gz,1,10054F,"['257, 201, 70, 1.95']"
/content/drive/MyDrive/ADAM-Filtered-Data/10055B_TOF.nii.gz,/content/drive/MyDrive/ADAM-Filtered-Data/10055B_aneurysms.nii.gz,1,10055B,"['151, 235, 57, 5.42']"
/content/drive/MyDrive/ADAM-Filtered-Data/10055F_TOF.nii.gz,/content/drive/MyDrive/ADAM-Filtered-Data/10055F_aneurysms.nii.gz,1,10055F,"['151, 231, 70, 5.94']"
/content/drive/MyDrive/ADAM-Filtered-Data/10056B_TOF.nii.gz,/content/drive/MyDrive/ADAM-Filtered-Data/10056B_aneurysms.nii.gz,1,10056B,"['104, 130, 38, 1.42']"
/content/drive/MyDrive/ADAM-Filtered-Data/10056F_TOF.nii.gz,/content/drive/MyDrive/ADAM-Filtered-Data/10056F_aneurysms.nii.gz,1,10056F,"['261, 235, 59, 2.26\n', '281, 271, 68, 2.72']"
/content/drive/MyDrive/ADAM-Filtered-Data/10057B_TOF.nii.gz,/content/drive/MyDrive/ADAM-Filtered-Data/10057B_aneurysms.nii.gz,1,10057B,"['250, 197, 48, 5.68']"
/content/drive/MyDrive/ADAM-Filtered-Data/10057F_TOF.nii.gz,/content/drive/MyDrive/ADAM-Filtered-Data/10057F_aneurysms.nii.gz,1,10057F,"['277, 233, 72, 6.55']"
/content/drive/MyDrive/ADAM-Filtered-Data/10058B_TOF.nii.gz,/content/drive/MyDrive/ADAM-Filtered-Data/10058B_aneurysms.nii.gz,1,10058B,"['240, 287, 54, 4.99']"
/content/drive/MyDrive/ADAM-Filtered-Data/10058F_TOF.nii.gz,/content/drive/MyDrive/ADAM-Filtered-Data/10058F_aneurysms.nii.gz,1,10058F,"['238, 265, 77, 5.26']"
/content/drive/MyDrive/ADAM-Filtered-Data/10059B_TOF.nii.gz,/content/drive/MyDrive/ADAM-Filtered-Data/10059B_aneurysms.nii.gz,1,10059B,"['37, 98, 34, 15.92\n', '126, 44, 78, 6.16']"
/content/drive/MyDrive/ADAM-Filtered-Data/10059F_TOF.nii.gz,/content/drive/MyDrive/ADAM-Filtered-Data/10059F_aneurysms.nii.gz,1,10059F,"['506, 297, 122, 4.97']"
/content/drive/MyDrive/ADAM-Filtered-Data/10060B_TOF.nii.gz,/content/drive/MyDrive/ADAM-Filtered-Data/10060B_aneurysms.nii.gz,1,10060B,"['518, 321, 106, 2.73']"
/content/drive/MyDrive/ADAM-Filtered-Data/10060F_TOF.nii.gz,/content/drive/MyDrive/ADAM-Filtered-Data/10060F_aneurysms.nii.gz,1,10060F,"['251, 156, 85, 2.33']"
/content/drive/MyDrive/ADAM-Filtered-Data/10061B_TOF.nii.gz,/content/drive/MyDrive/ADAM-Filtered-Data/10061B_aneurysms.nii.gz,1,10061B,"['298, 234, 36, 1.95']"
/content/drive/MyDrive/ADAM-Filtered-Data/10061F_TOF.nii.gz,/content/drive/MyDrive/ADAM-Filtered-Data/10061F_aneurysms.nii.gz,1,10061F,"['290, 255, 61, 3.74']"
/content/drive/MyDrive/ADAM-Filtered-Data/10062B_TOF.nii.gz,/content/drive/MyDrive/ADAM-Filtered-Data/10062B_aneurysms.nii.gz,1,10062B,"['173, 215, 51, 6.91']"
/content/drive/MyDrive/ADAM-Filtered-Data/10062F_TOF.nii.gz,/content/drive/MyDrive/ADAM-Filtered-Data/10062F_aneurysms.nii.gz,1,10062F,"['170, 228, 69, 5.51']"
/content/drive/MyDrive/ADAM-Filtered-Data/10063B_TOF.nii.gz,/content/drive/MyDrive/ADAM-Filtered-Data/10063B_aneurysms.nii.gz,1,10063B,"['315, 171, 160, 6.82']"
/content/drive/MyDrive/ADAM-Filtered-Data/10063F_TOF.nii.gz,/content/drive/MyDrive/ADAM-Filtered-Data/10063F_aneurysms.nii.gz,1,10063F,"['312, 227, 40, 6.05']"
/content/drive/MyDrive/ADAM-Filtered-Data/10064B_TOF.nii.gz,/content/drive/MyDrive/ADAM-Filtered-Data/10064B_aneurysms.nii.gz,1,10064B,"['252, 127, 112, 5.17']"
/content/drive/MyDrive/ADAM-Filtered-Data/10064F_TOF.nii.gz,/content/drive/MyDrive/ADAM-Filtered-Data/10064F_aneurysms.nii.gz,1,10064F,"['274, 131, 77, 4.61']"
/content/drive/MyDrive/ADAM-Filtered-Data/10065B_TOF.nii.gz,/content/drive/MyDrive/ADAM-Filtered-Data/10065B_aneurysms.nii.gz,1,10065B,"['310, 223, 45, 5.42']"
/content/drive/MyDrive/ADAM-Filtered-Data/10065F_TOF.nii.gz,/content/drive/MyDrive/ADAM-Filtered-Data/10065F_aneurysms.nii.gz,1,10065F,"['298, 214, 31, 9.32']"
/content/drive/MyDrive/ADAM-Filtered-Data/10066B_TOF.nii.gz,/content/drive/MyDrive/ADAM-Filtered-Data/10066B_aneurysms.nii.gz,1,10066B,"['136, 185, 39, 3.14\n', '210, 191, 40, 8.66']"
/content/drive/MyDrive/ADAM-Filtered-Data/10066F_TOF.nii.gz,/content/drive/MyDrive/ADAM-Filtered-Data/10066F_aneurysms.nii.gz,1,10066F,"['157, 235, 62, 3.3\n', '219, 236, 59, 3.19']"
/content/drive/MyDrive/ADAM-Filtered-Data/10067B_TOF.nii.gz,/content/drive/MyDrive/ADAM-Filtered-Data/10067B_aneurysms.nii.gz,1,10067B,"['170, 194, 66, 3.3']"
/content/drive/MyDrive/ADAM-Filtered-Data/10067F_TOF.nii.gz,/content/drive/MyDrive/ADAM-Filtered-Data/10067F_aneurysms.nii.gz,1,10067F,"['177, 195, 65, 4.2']"
/content/drive/MyDrive/ADAM-Filtered-Data/10068B_TOF.nii.gz,/content/drive/MyDrive/ADAM-Filtered-Data/10068B_aneurysms.nii.gz,1,10068B,"['328, 228, 59, 4.78']"
/content/drive/MyDrive/ADAM-Filtered-Data/10068F_TOF.nii.gz,/content/drive/MyDrive/ADAM-Filtered-Data/10068F_aneurysms.nii.gz,1,10068F,"['632, 438, 84, 3.97']"
/content/drive/MyDrive/ADAM-Filtered-Data/10069B_TOF.nii.gz,/content/drive/MyDrive/ADAM-Filtered-Data/10069B_aneurysms.nii.gz,1,10069B,"['159, 182, 57, 7.22']"
/content/drive/MyDrive/ADAM-Filtered-Data/10069F_TOF.nii.gz,/content/drive/MyDrive/ADAM-Filtered-Data/10069F_aneurysms.nii.gz,1,10069F,"['171, 205, 56, 3.96']"
/content/drive/MyDrive/ADAM-Filtered-Data/10070B_TOF.nii.gz,/content/drive/MyDrive/ADAM-Filtered-Data/10070B_aneurysms.nii.gz,1,10070B,"['334, 184, 25, 2.38']"
/content/drive/MyDrive/ADAM-Filtered-Data/10070F_TOF.nii.gz,/content/drive/MyDrive/ADAM-Filtered-Data/10070F_aneurysms.nii.gz,1,10070F,"['361, 225, 63, 2.73']"
/content/drive/MyDrive/ADAM-Filtered-Data/10071B_TOF.nii.gz,/content/drive/MyDrive/ADAM-Filtered-Data/10071B_aneurysms.nii.gz,1,10071B,"['130, 77, 58, 7.05']"
/content/drive/MyDrive/ADAM-Filtered-Data/10071F_TOF.nii.gz,/content/drive/MyDrive/ADAM-Filtered-Data/10071F_aneurysms.nii.gz,1,10071F,"['281, 206, 71, 8.46']"
/content/drive/MyDrive/ADAM-Filtered-Data/10072B_TOF.nii.gz,/content/drive/MyDrive/ADAM-Filtered-Data/10072B_aneurysms.nii.gz,1,10072B,"['495, 514, 71, 4.75']"
/content/drive/MyDrive/ADAM-Filtered-Data/10072F_TOF.nii.gz,/content/drive/MyDrive/ADAM-Filtered-Data/10072F_aneurysms.nii.gz,1,10072F,"['248, 243, 59, 4.14']"
/content/drive/MyDrive/ADAM-Filtered-Data/10073B_TOF.nii.gz,/content/drive/MyDrive/ADAM-Filtered-Data/10073B_aneurysms.nii.gz,1,10073B,"['349, 228, 29, 6.0\n', '211, 218, 43, 5.97\n', '244, 371, 16, 4.12']"
/content/drive/MyDrive/ADAM-Filtered-Data/10073F_TOF.nii.gz,/content/drive/MyDrive/ADAM-Filtered-Data/10073F_aneurysms.nii.gz,1,10073F,"['329, 198, 66, 5.41\n', '205, 195, 84, 5.63\n', '240, 323, 35, 5.3']"
/content/drive/MyDrive/ADAM-Filtered-Data/10074B_TOF.nii.gz,/content/drive/MyDrive/ADAM-Filtered-Data/10074B_aneurysms.nii.gz,1,10074B,"['288, 219, 35, 5.61\n', '217, 261, 56, 2.88']"
/content/drive/MyDrive/ADAM-Filtered-Data/10074F_TOF.nii.gz,/content/drive/MyDrive/ADAM-Filtered-Data/10074F_aneurysms.nii.gz,1,10074F,"['315, 205, 72, 4.02\n', '251, 245, 101, 2.71']"
/content/drive/MyDrive/ADAM-Filtered-Data/10075B_TOF.nii.gz,/content/drive/MyDrive/ADAM-Filtered-Data/10075B_aneurysms.nii.gz,1,10075B,"['211, 246, 44, 1.59']"
/content/drive/MyDrive/ADAM-Filtered-Data/10075F_TOF.nii.gz,/content/drive/MyDrive/ADAM-Filtered-Data/10075F_aneurysms.nii.gz,1,10075F,"['229, 228, 45, 2.01']"
/content/drive/MyDrive/ADAM-Filtered-Data/10076B_TOF.nii.gz,/content/drive/MyDrive/ADAM-Filtered-Data/10076B_aneurysms.nii.gz,1,10076B,"['248, 189, 71, 5.06\n', '159, 192, 66, 1.69']"
/content/drive/MyDrive/ADAM-Filtered-Data/10076F_TOF.nii.gz,/content/drive/MyDrive/ADAM-Filtered-Data/10076F_aneurysms.nii.gz,1,10076F,"['523, 416, 84, 3.47\n', '340, 418, 74, 4.24']"
/content/drive/MyDrive/ADAM-Filtered-Data/10077B_TOF.nii.gz,/content/drive/MyDrive/ADAM-Filtered-Data/10077B_aneurysms.nii.gz,1,10077B,"['233, 199, 75, 2.28']"
/content/drive/MyDrive/ADAM-Filtered-Data/10077F_TOF.nii.gz,/content/drive/MyDrive/ADAM-Filtered-Data/10077F_aneurysms.nii.gz,1,10077F,"['263, 220, 68, 1.87']"
/content/drive/MyDrive/ADAM-Filtered-Data/10078B_TOF.nii.gz,/content/drive/MyDrive/ADAM-Filtered-Data/10078B_aneurysms.nii.gz,1,10078B,"['206, 238, 51, 6.24\n', '268, 262, 54, 2.25\n', '343, 244, 40, 2.15']"
/content/drive/MyDrive/ADAM-Filtered-Data/10078F_TOF.nii.gz,/content/drive/MyDrive/ADAM-Filtered-Data/10078F_aneurysms.nii.gz,1,10078F,"['277, 280, 85, 5.1\n', '221, 269, 79, 6.49\n', '340, 257, 61, 2.96']"
